added_at,artist,name,id,meta
,,,,"{""id"": ""6ld46zLtv34L4Qusielu40"", ""name"": ""16""}"
2020-10-09T13:46:38Z,Addison Groove,Brand New Drop - Thys Remix,60TbgT4nUDQ831CFPx7vSn,
2020-10-09T13:46:54Z,Philip D Kick,Drips,3KdHrB4WQsUYJ4yytUPyBo,
2020-10-09T13:52:11Z,Forest Drive West,Void Control,5OlodPAIr02a84sOr5SDjw,
2020-10-30T17:57:31Z,Nikki Nair,Scuzzy,0bXOeaq8rRoGE0V569Fofe,
2020-10-30T18:18:17Z,Near,Static,5Yc4dAMjw61g2OL5LnSEAv,
2020-11-10T21:22:12Z,Amit,Acid Trip - J:Kenzo Remix,498rjT3YhBx4fI3SO34GjT,
2020-11-27T07:23:13Z,Nikki Nair,3XL,1VwQl0bzncA329wtO1VTFn,
2020-11-27T07:42:51Z,Nikki Nair,Power Tool,42wKLEAh9b7NixUmEwCQKA,
2020-12-21T09:09:59Z,Pearson Sound,Everything Is Inside Out,7AGNscz3KdxHBICsA6e6cC,
2021-01-02T16:25:41Z,Nikki Nair,Trunk,6yLaCMWpaJ6i9yqYh0YCna,
2021-01-21T08:52:32Z,Ekula,Club Banger,4Hr4uT2S7b2P8I5VAm8Mhm,
2021-01-21T11:08:45Z,LSN,Spirit Dub,2e0aqNEFHKypsLCz1Bgmua,
2021-01-23T10:35:01Z,Synpal,Reiki,6lg80SyPpAgurI4jcqZBeT,
2021-01-23T10:51:17Z,Lusine,Arterial,4peVRcmAcueJlmM0dFd8OX,
2021-02-01T08:56:12Z,Subtle Mind & MRSHL,When The Rain Comes,,
2021-02-08T21:16:32Z,Jubley,Cool Guy,38VMs0o4UChaR0yy2q2cjS,
2021-02-10T18:50:54Z,Cassius Select,Herd,65G0YbmepczAwJyWogyXVS,
2021-02-10T19:11:35Z,Ivy Lab,When I Go,1ZD51kpXHiTNqymmz3Yy6b,
2021-02-10T19:11:43Z,Seer,Electrolytic,1jywUKEtk1tswtaR7OIWxQ,
2021-02-10T19:11:47Z,Seer,Principle of Causality,5pq77hK5kr414U0JIYWobH,
2021-02-10T19:18:26Z,Cassius Select,Essence,1QJ7n7XrIllCRymbEqbcll,
2021-02-19T07:50:38Z,Overmono,Clipper - Another 5 Years,4BcPKvo3YMGXToCJUjSi1F,
2021-02-24T20:30:12Z,BOP,Beach Simulator 3D,1E51E76qTzLgaVrffwJVhS,
2021-02-25T06:13:33Z,SpaceyJones,Trope Sitter,3LcoMEwmZyGMmHMch4eQjn,
2021-02-25T07:10:02Z,Om Unit,Dissolved,6JLCchsaCJRn8gKMVrrZpX,
2021-03-05T04:55:04Z,GoGo Penguin,Atomised - Machinedrum Remix,6XZQe47xwyXmLz0IKC75cv,
2021-03-24T18:13:59Z,Biome,Garvey,6npHgfwMutuhOlExKLtfCn,
2021-03-28T13:58:53Z,Crème,Light Work,345IK3UHcmBghwdQCg4zc6,
2021-04-15T18:52:39Z,Causa,Soa,6BUZMoT0l46ffNiIavDkln,
2021-04-16T05:06:53Z,Mad Zach,Mideasy,0HVUOKn30raEsMyriq92Hp,
2021-05-02T12:11:31Z,Legal,Between Your Legs,3nrTZUok9oAmu4qpTXqdRv,
2021-05-02T12:17:08Z,Dusty Ohms,Acid Rain,0BfdfahD0OXYYiDyisNOE7,
2021-06-28T06:52:53Z,BAKEY,Dismantle,60MtLPEeHDDx0MtGUuh4gP,
2021-07-31T07:12:30Z,Gisaza,Diabolical Dance,1UjmH35dinLfp62IEAOzrG,
2021-07-31T07:12:56Z,Gisaza,To The Moon (Diamond Rocks),3X0shUYVmLooCahb3OKT5r,
2021-07-31T07:13:03Z,Gisaza,Pull Up,2ELRPsHb5hqttkKXq3Hw7x,
2021-08-20T04:35:16Z,BAKEY,JB Riddim,5fkquEz3UJEYKCdsJ7DOZC,
2021-08-20T12:10:12Z,BAKEY,Bring It Back,0rcsAGMzfiqhEDEeZ7y721,
2021-08-20T12:10:42Z,BAKEY,Reduced Vision,0jSh6SL8ZpxnpB03EjTiI1,
2021-09-10T07:58:57Z,BOP,2gether,5SJYDUJDZbOtkFn6qW5L9G,
2021-09-10T07:59:16Z,BOP,Reform,1CE6Ntj3jEsn0EOmVs0RcT,
2021-09-11T13:55:05Z,MYTHM,Bones,6FduwZ5xGlv5sM57xat0A4,
2021-09-11T13:56:21Z,Eprom,Dangerous Sound,4LUd9lIOehVZrPgofVtP7b,
2021-09-11T14:00:37Z,Trampa,All Night - Ivy Lab Remix,0HUEIdafaoXyaVWDehISEh,
2021-09-24T12:23:28Z,Synkro,Intersection,7jQw8drLR8G8NyIYIlnTkr,
2021-10-13T17:15:04Z,Hedflux,Opia,674PCjNIlNaiQACRumz7Ha,
2021-10-22T08:11:04Z,Mad Zach,U to the All,29V40GVXxsu8A2x9BfgH07,
2021-10-28T06:13:46Z,Sibla,Nightfall,0OUMtpVbIrXVNNfzOo3Rte,
2021-10-28T06:13:57Z,Sibla,Om,4nsVlpy5QVqyAuOgEi3fhj,
2021-10-29T05:55:07Z,CRPNTR,Vimto,6pGuSC370g8sekdu6F1i6i,
2021-11-03T17:32:09Z,Peter Talisman,We Have to Leave This Town Because I Have Done Something Unforgivable,1QdgN1SiEcteAWc9pyBlEp,
2021-11-15T16:45:56Z,Kercha,Scanner,6eWiCaTbKMkEZLb9tnCJoK,
2021-11-15T16:54:06Z,Kercha,Depths of Light,01JZhY9nPFlHQR05dHgetW,
2021-11-19T16:43:34Z,LSN,Focus Life Energy,1IXDxQHlDGkTISpPtIm8Mk,
2021-11-20T17:41:08Z,Kercha,Fresh Memories (Interlude),3OBCyugegCiAyRPmRIRSRV,
2021-11-20T17:48:08Z,Kercha,Industrial Groove,5L1WfKWxSMdJcfpvUW1iGv,
2021-12-10T06:20:16Z,M.Justa,Blurred - Original Mix,6qUl7U3X5kVojsfDMnwWTt,
2021-12-11T18:08:25Z,Detox Unit,Interior Crocodile,3D3vgE6WuLsp5FVLm2J7ZL,
2021-12-27T18:03:15Z,Nobuo Uematsu,Prelude,4R2GTcXVcKnFKba62Upo7D,
2022-02-18T11:55:57Z,Ognib,Nectar,3j59zQkuqgfyvNVDuzwFLj,
2022-02-18T16:29:47Z,Ognib,Omen,4iSaiy67DlqkGaXSKamQ8A,
2022-06-05T18:07:17Z,Somah,Knot Up,44e5ewYpNPJDEpuokJNzoZ,
2022-06-11T10:47:48Z,Louf,Formation - Otik Remix,4uZwxFVkVq8fxHad28l4eh,
2022-06-19T21:02:41Z,TMSV,Hypocrisy,5cIzvfSxyUZWyg9mP51R6Z,
2022-07-02T06:17:11Z,Sinerise,Need 2 Feel,58PFiEATxp4l1kLrME35s3,
2022-07-06T17:38:28Z,M.Justa,Can You See,6ZuPVbnmKpI7DX5L9NqtyQ,
2022-07-06T17:38:39Z,M.Justa,Challenging Time,440G7JpOZUDIwCZyGrbKHz,
2022-07-08T17:30:04Z,Synkro,Garage Sessions - Synkro Demo,71CMb5b484uecXiTAee3Um,
2022-07-20T18:56:32Z,500-Micro,Eagles Nest,4U0bEGGjq0QxmZSFzIM9jE,
2022-07-22T06:14:48Z,Dayzero,Ten,4e0XgvKB0xPmCbADE3FA78,
2022-07-23T18:53:21Z,M.Justa,Don't Need,4J3CtqEXFXakxMoLQfpn5R,
2022-08-03T17:17:34Z,Destrata,Tributaries,6gJwM3z8NxXqTllQ9mvbZI,
2022-08-12T15:45:50Z,Koloah,Retrocognition,7pKfWwZMtjAZ6opB5rd0RZ,
2022-08-12T15:45:54Z,Koloah,Time Traveller,0ikN70Jj1Why1Mf3FMz61a,
2022-08-24T17:52:24Z,Fixate,Backpedal,6uu9jfrLfPAOsFf6LckDLL,
2022-08-24T17:52:29Z,Fixate,Down,6bROSfeR2Uo4FDkU5239rc,
2022-08-26T06:13:41Z,Om Unit,Acid Tempo,3Rl5Oubs6rlbCh9Ujatl9t,
2022-08-28T06:18:47Z,dBridge,Crossroads,0xtcUWleypvPPiF9w7xvbt,
2022-09-02T08:07:51Z,Scetta,Acenturo,4tgaqw2UVmHd1W9bOfdcLL,
2022-09-16T06:12:37Z,NotLö,Closer,4DlGTrHLyyBEI9YIv1EPCw,
2022-09-28T17:27:07Z,Paige Julia,Dreams,26vqWP9OqocyZwxG1T3BAh,
2022-09-30T19:13:39Z,Delta,Tek,24swk02IHHAHxNpLTsIcB4,
2022-09-30T19:21:50Z,Delta,Umbego,6EIJ0e2iShygFOxTRA5n8X,
2022-10-05T07:07:33Z,Kwizma,Hopscotch,6wwWhkwrdYks3WRcn5vslB,
2022-10-07T07:12:02Z,Synkro,Signal,1BlAZfBzrNiXyHfUQUSilj,
2022-10-07T07:12:06Z,Synkro,Information,6ZfdiT39pG9RGAtZat5JGa,
2022-10-07T07:12:09Z,Synkro,Cycles,5PlH4Waf6aAdTQagl2Fq7i,
2022-10-07T21:12:12Z,Alix Perez,Shallow Affect,5RO7GtG2ce6um3qPnAKiBb,
2022-10-21T08:43:07Z,Ome,No Milkshake,13GKPM6bUDbIUeIZFkDZWL,
2022-11-02T08:16:52Z,Earthnut,Acanthus,4mDkxEKYGQO9JVP5OZVxdH,
2022-11-11T20:32:07Z,Oxossi,Lana,7vmZp3zXWvJlJFxRVxQhBc,
2022-11-11T20:38:59Z,ColtCuts,FxCK,2KYNUvaX7AIjpav0bb7Far,
2022-11-12T13:48:54Z,Romare,A Hold,26efH4lyljze1YAYxIxgxx,
2022-11-17T08:27:24Z,9TRANE,Heavy Hitter,67pctR9e2azYTvtM0Ah8kw,
2022-11-25T08:33:40Z,Lofty,Daybreak,38I91hrh3R7hzNLdJFDs8N,
2022-11-25T08:34:37Z,Lofty,Joyless,5kK0OduInFX6pmHfDtnIZc,
2022-12-19T16:27:22Z,Skalpel,Why Not Jungle,5dzZJiiWQwmmmvMYonOAHQ,
2022-12-22T07:54:21Z,Hubwar,Trip Hope,68icxKmlaDZb1Q4DtRrR0j,
2023-02-05T16:46:39Z,Yoofee,LGDS,7I4n8xgUoh5nY6o3RvM2Au,
2023-02-05T16:46:43Z,Yoofee,One is None,0s3rGX6A9EojYsq20mwqOy,
2023-02-05T16:46:51Z,Yoofee,I know,3o73xGHntsaeOOS6qPDqXg,
2023-02-05T16:46:55Z,Yoofee,Lost Papers,2f0egaGSmIHgqCHcJ4qdJv,
2023-02-11T18:07:14Z,Visages,Lunar Eclipse,6zsDm510tnT1wHw2ezuqcu,
2023-02-17T20:15:44Z,Khromi,Night Owl,1hwVtdLbY7sM7bQZaOMd7c,
2023-02-17T20:15:48Z,Khromi,Waterfall,4xyVfUGPxWHnQWmI0NA2Wd,
2023-02-17T20:15:52Z,Khromi,Last Exit,5tP2H5SMMoFMK9p33cGDvt,
2023-02-17T20:15:55Z,Khromi,Bubbles,436MDhLvFUHhC1fWmJCFRI,
2023-02-17T20:23:35Z,Headland,Guillotine,0CjbhucBanaEz7WdWKTDyy,
2023-02-18T17:47:22Z,Burland,Dagobah,2QkXTWXSgk3shrGYD6rwV9,
2023-03-05T19:08:39Z,Pharma,Hebra,2NLIr6o3TYJoG7FKe6pMAH,
2023-03-05T19:08:43Z,Pharma,Wait 4 U,5PBRZJ5IY2UXdbhOJkFSpG,
2023-03-24T20:19:16Z,Fred again..,Baby again..,4zlbKky2yA657Sk5rekZoR,
2023-04-03T17:41:42Z,Thing,Need You (Vip Edit),78MzjN5ZGYFC2orlJxJwGg,
2023-04-11T18:23:14Z,Roklem,Overrun,0KZgX9lD0JTnbwPq6daTp6,
2023-04-20T21:49:04Z,Hellacopta,Illegal Mathematics,2avly68iF9U0Azy1o9dapC,
2023-04-20T21:49:09Z,Hellacopta,Transit,53OWLVFyfLggOPb9cGSdDu,
2023-04-29T07:45:35Z,Four Tet,Three Drums,2FRIWWs5xxPoQrk5pMmsQN,
2023-05-01T17:14:12Z,Baalti,Buttons,3OapRSfk3klAcyW9QF16pH,
2023-05-04T16:59:21Z,Frazer Ray,Screamer,0hcqmiKf6WITrPMuNcrTTV,
2023-05-07T17:47:28Z,LSN,Sometimes I Take Acid,52gmBSOihTa2v9Uw5BliWr,
2023-05-09T07:36:59Z,Cotton Mouth,Reunion,62lr6b13u6BuUPfMny6Z9z,
2023-05-17T20:12:54Z,BICEP,Water,09cgbbadzZSKFd1hGN23p5,
2023-05-30T17:55:23Z,Eva808,ConCreteMerMaid,2ZHLowyXNH6QaD6mPibQct,
2023-06-08T06:10:44Z,Rareman,More Vibes,1tyobjJDNFFtPRv4Mii6Sn,
2023-06-18T18:49:13Z,Sibla,Over And Over,4O9qitMjsY0YIvDWtrVxpb,
2023-07-30T19:41:54Z,Javano,Odyssey,0Kwpuqh90I4FfFpdJ0gi34,
2023-08-06T17:49:17Z,Sibla,Midnight Delight,5XvX1cEbfWbRgSkBRX8RuT,
2023-08-13T17:51:23Z,Incandescent,Weather Bomb,6fZsKhu6SUzajAnrTAzRxk,
2023-08-20T14:35:25Z,Glume,Eclipse,1Jg2I3Fy6m6BR7gKa4ORnV,
2023-08-20T14:35:33Z,Glume,Close Enough,7Mi3LdNYRQ3VMhCxr6LlSp,
2023-08-20T16:11:36Z,LSN,Critical,0jPQSILzDtAvCQSpnlciPO,
2023-08-29T17:42:09Z,Saturna,Why U Wanna?,6tWXZRreEw4aYtyGnKWbLO,
2023-09-07T17:52:13Z,Bisweed,Restock,2Mh3x131yPaJut4uY46OCb,
2023-10-01T19:36:55Z,Pugilist,Flip Trix,2IMTDM2V4PIIXsNBnxjNdG,
2023-10-07T05:55:18Z,Tellus,Fire Trails,6XpgrEtErUjxik3Ri2ih6K,
2023-10-07T05:55:22Z,Tellus,Close to Me,66PtxfzPPWQVPIO4DUVUQJ,
2023-10-07T05:55:25Z,Tellus,Equinox,6Gm7S6Oa2wMM5bLH3FOgoM,
2023-11-10T19:49:51Z,TMSV,Rave CTRL,66kwn4XCKN4uYfWEpaCJ3x,
2023-11-10T19:50:04Z,TMSV,Kaleidoscope,5ATWMLVUxvBwpvjxaJusUJ,
2023-11-10T19:59:34Z,Truth,Maple,4q7bO3SsjutJF3AxePynd0,
2023-11-10T20:06:14Z,Clark,Vardo,5Ln9Zf9FLzzp2OBX9zosCU,
2023-11-15T17:42:40Z,Drumterror,Sun Go Down,1gsvro9IEU1LmtxZyi3AqX,
2023-11-26T15:12:21Z,Baltra,druzy@ - Scuba's Bassdrive Refix,6xBSfBYq1jxwML0cxwQup7,
2023-11-26T15:19:31Z,DE-TÜ,Untitled,5RK4iJ69sndag7OmUk6YzX,
2023-11-26T17:44:01Z,DE-TÜ,Sunrise Grove,7JG861BQ1Vty3cnJRBj6zr,
2023-12-02T20:31:49Z,11th Hour,Reversed,6I9ikigJ6TzCXMlWHuXLSD,
2023-12-02T22:22:39Z,Monoblur,Glow,3Y5nHjdJWwlhT0HCWbblvV,
2023-12-02T22:23:14Z,Hojo,Tartan,3PREYZUnsai0utIyZKeJ4n,
2023-12-02T22:23:34Z,Ome,Jiswish,71J7uh6BuxWDJL8yqh4gWF,
2023-12-02T22:23:48Z,Oxossi,Break The Glass,2coj3UDMA07wViWPrmyJIb,
2023-12-02T22:23:58Z,Schim,Kin,4FaP4ginEb2furGEXNhz0F,
2023-12-16T19:12:44Z,Hippoflip,Little Switches,4DqiNrCGYM6fr9qci9jc6X,
2023-12-22T17:39:31Z,Sibla,Afro Dreaming,2nHshQEHuetmZv2ba1jIAi,
2024-01-06T17:45:56Z,Mystic State,Underscore Pt. 1 & 2,5oPQ5KCmyWm7iNllZIXUsH,
2024-01-08T18:23:36Z,Slaine OP,Temperament,0qxZxmuy8sfDVW8zk2PzNC,
2024-01-12T20:11:39Z,Sibla,Distant Memories,3srnP7ZVd5KSVi7o7tDrcQ,
2024-01-25T19:38:04Z,Soukah,Salvation,5yVyr9ljftSUYo6okwXQSI,
2024-01-25T19:38:30Z,Soukah,Aether,0EmXar2riw4FOVw6hTy5yu,
2024-01-27T17:45:49Z,Sibla,City Spells,62ahdbBANcmp2xy7JbM6Zj,
2024-01-27T18:01:17Z,QZB,Greyhound,1627h1SFjwKYuTvfvBUMp2,
2024-02-11T18:31:33Z,PLLFRY,Old School,6o0HCQao8dxla9csw7YXdT,
2024-02-11T18:35:46Z,Ternion Sound,Detroit,0RF6m1Rg8FbSBbc9lWo999,
2024-02-11T18:35:51Z,Ternion Sound,Looking Up,0lf7hytmDcSrmtBLwrRBAc,
2024-02-11T18:35:54Z,Ternion Sound,Vapor,2oVrwE4Cn7tgr8spjwRQjm,
2024-02-11T18:41:23Z,PLLFRY,Overexciting,3WbjC9O3LGQs78kghKNZ7o,
2024-02-16T19:48:26Z,Big Kani,Error,252XUc82BtWSxmO6IARNdh,
2024-02-16T19:48:50Z,Big Kani,The Antithesis,1nO9ORb75wtvX3s57xrU2n,
2024-02-16T19:48:54Z,Big Kani,Threshold,1dWitGNnxvKYPxNe95MtYe,
2024-02-23T21:41:18Z,ATYYA,Poetry In Motion,7dUS23yJAJccyJyNxg90hP,
2024-02-29T19:44:42Z,Teffa,QR,64d2KPdNzEGTWEQpbGXvNe,
2024-03-17T15:24:47Z,Otik,Theta,4cBkadNWSSQL58gwMJgGva,
2024-03-22T19:43:33Z,Thought Process,All Lost,5FjPeG4BVgjp0ouuHz1cRL,
2024-03-27T18:06:48Z,ØZ,Death Speed,2PG0IIyfh7Oba1bBIhluHt,
2024-04-22T20:37:43Z,Katch,Argon,2WKydgL83eTU4sa7dpGCAI,
2024-04-22T20:37:48Z,Katch,Galactic,7AcztWWAvlAD8l3Q7Vx3cM,
2024-04-28T17:28:34Z,Kosh,Human Condition,3bkRZcNk0HVElBo0uqYfJ7,
2024-04-30T19:27:18Z,Kosh,Come On,4mSl3Mywgo6iGw2lQ7RqvM,
2024-05-25T17:53:13Z,MYTHM,Forbidden,2QUbahT6xeMiMueeC5UvQr,
2024-06-17T18:55:08Z,Truth,I Don't Wanna Know,4VURESXooAcTs6Ki5L0O5h,
2024-07-01T19:15:58Z,DOVE,CHROMA 003 Bi83,0MkTnHDWWCYlhl5f3prHQF,
2024-07-01T19:16:04Z,BICEP,CHROMA 004 ROLA,3YTLL48dJGvXU7NrtiXDFQ,
2024-07-26T20:34:17Z,Koloah,Mind Control,1Kva1WrgfMcdeJwT9HXBTd,
2024-08-02T19:34:13Z,Hellacopta,Use of Weapons,0b7QRFAVVqlckKoJen33j4,
2024-08-25T19:50:33Z,Skellytn,Digital Realm,2NxqIXMSwvAPEaZOY3OyRX,
2024-09-01T17:46:08Z,Pharma,Wait There,3P60ZesQE6yOmOITKHW0lz,
2024-09-01T17:47:17Z,Ape Suit,Awkward hello Bittersweet goodbye,5y8lZqd6APgwwZQeMB2jhr,
2024-09-03T20:08:02Z,Eva808,Y R U N KET?,1UrUveHae8ihmVaXHKPtCr,
2024-09-03T20:08:12Z,Eva808,LET'S BE HAVIN U?,2uSuqLwypIEvjkm1fUN253,
2024-09-06T19:02:31Z,Stillhead,Hibernate,7cnxfDJnlSL6u1A77Ebdmj,
2024-09-21T07:44:59Z,Ome,Fi Bayti,71tAo8aDJqWCvqpW54GyIm,
2024-09-21T19:37:50Z,Anecho,Chewy,6Jh7CqilRs75sSBdtC7FNE,
2024-09-27T18:09:45Z,Elleven,Rafflesia,3AWsebhaUxD3ZzUV7jLOng,
2024-09-28T14:56:22Z,Om Unit,The Canopy (Armageddon Style),6us9Mccnlaaj6QIPvZGKCv,
2024-09-30T18:53:41Z,Versa,Make It Happen,1SqiSYpWYIxMQIRYDo8Kya,
2024-09-30T18:53:46Z,Versa,Dark Embrace,4iBDaeqCLWCjCmSVwqJbJQ,
2024-10-19T06:36:57Z,Foamplate,Multipass,5fLcSOgeHcA79rHwZjzTEV,
2024-10-19T13:17:16Z,Mantra,Schemes & Dreams,6dxsL8Opjmj2kheSAt5S5n,
2024-10-27T13:15:54Z,Mob Killa,TipToe Blues,6aL05FJE9cho2NusuKbcAS,
2024-11-03T07:07:09Z,Nicolas Jaar,Song of hope,7iXOrfBdLbdpbtmN1BMSAf,
2024-11-06T19:42:40Z,Lil Night Vision,HXRRORCXRE,0BYvPAG6Rhehjo6vqvcl52,
2024-11-10T17:25:27Z,Oddkut,Shadows,1Xv2AwGmF4ZNLnFwr3huwq,
2024-11-10T17:32:22Z,Distance,Painbody,5dzwd4MQNCzk7hIY7VNMuM,
2024-11-19T20:18:19Z,Rygby,Styx,3bDuFhl5MHQsJnqqaxeKSx,
2024-11-30T18:32:41Z,Delta,Duh,74W3AgfAARt0V03tq5Qx8z,
2024-12-12T19:10:26Z,Bale,Everything Changes,3PcvmqQExWsqcPkydEXbhn,
2024-12-12T19:10:33Z,Pharma,4nts,69aztDg9HVclig7LX2AkZA,
2024-12-12T21:08:15Z,Silhouettes,Her,4sSq8yQmT8iS9dOO3u1Ras,
2024-12-20T18:29:30Z,Sebalo,Motive,1E28OCysRJ8bvIe7sQmm9p,
2024-12-21T15:09:34Z,Forsaken,I Made Mistakes,1MXg5bbPFBb6XtDAdXoKoT,
2024-12-27T17:50:19Z,Lysergene,Occultation,00O4cahU70YOfuHqieAizZ,
2024-12-27T19:06:16Z,Teffa,Dirty Tricks,7nazMRvCUAqwSShE9YJPeS,
2024-12-27T19:15:45Z,Kami-O,Muckier,1TsrugAnScOql5symB5Ckn,
2024-12-28T08:00:03Z,Lysergene,Basement,018aJaZXXcgpgnBgiDFkD6,
2025-01-04T19:05:16Z,Yoko,Maybe I'm Crazy,4YnTJLHywiwNtvkrXFTCTz,
2025-01-04T19:05:33Z,Yoko,Reflections Off of Broken Glass,0CDb8mYtjS1WxF5bTJOHtt,
2025-01-05T18:54:49Z,headnod,invoke,2f4vYY0CUjnzvKp2Ylx1FH,
2025-01-05T21:44:13Z,Extrawelt,Save City,6eAHZ48yGW4Nzraci73Lyo,
2025-01-05T21:44:19Z,Extrawelt,Angry Elektro,5uDhAeDTSH98lCjmTjYJgK,
2025-01-13T21:34:12Z,Truth,None A Dem,1aFD50MeVUrOMiyQI9Dm6W,
2025-01-20T20:26:18Z,Ojela,I Wanna Hold You,6Is4z9H4YHNDwqpHlLt1E9,
2025-01-20T20:26:23Z,Ojela,Into Your Ocean Of Thoughts,3ZaKFD4dQhwN9O8TxHhrf5,
2025-01-20T20:26:28Z,Ojela,Pressure Pulse,3LLnq9yVuSj0TTwKhbXbfD,
2025-01-20T20:26:33Z,Ojela,Modern,7eAl0OaAYgpdon8G41nZjN,
2025-02-17T20:22:30Z,Hella,Honey's Smile,6dS7TfxeFxBVgfjbMPaL0s,
2025-02-17T20:25:31Z,Hella,Hideout,3KNNO8rF4wVTHxru1UMTfw,
2025-02-17T20:25:44Z,Hella,If We Make It,62UvvWgQPLNPLw3PYT5rWA,
2025-02-22T09:54:17Z,En:vy,Damaio,6I8ng48swhfEwPO2EvSVLw,
2025-02-22T13:16:53Z,Hypho,Trippin',1CHaHgFpKM1nxZ5aNhphLG,
2025-02-22T13:16:59Z,Hypho,Obscura,0fkF5MfqYKjEFh6eHX0Kf3,
2025-02-22T14:01:26Z,TMSV,Thirty Six,078wR6LcpzSxTAcNsACER7,
2025-03-01T18:34:06Z,Boylan,Thunder Ridge,50lsnFjCwHk6VP2vyS13XV,
2025-03-02T17:11:08Z,Rareman,Power Ballad,4O3hjw4IDQfqQlVHj5zcHn,
2025-03-03T20:31:56Z,Hannibal Rex,Locomo Gear,0PPpReX2vZWDByCJrm87QA,
2025-03-16T08:54:31Z,KOMPROMAT,LIFT ME UP,4Al4MUJqfH3CStKEdCBa3Z,
2025-03-17T20:25:41Z,Senncoria,Dune,5ZokKu6XMTosUILehww0a1,
2025-03-21T18:55:43Z,Sibla,Not Even Close,2KrFDMeMdofeq5wZmGGeMz,
2025-03-21T18:55:47Z,Sibla,Mixed Feelings,3ZVnryvit6MkgI8xEswieT,
2025-03-21T18:55:51Z,Sibla,Barracuda Dub,3fHucmkOWicWY5ihvkzDiE,
2025-03-21T18:55:56Z,Sibla,Summer Dreams,5XgDr4eOWyaPCkeoGcZfOX,
2025-03-23T16:40:57Z,Ape Suit,Now is the Envy of the Dead,5dB057dnnCiMxQuuT2Cl3H,
2025-03-28T19:22:17Z,Somah,Scanner Issue,6MXEGfTDVu4beFwXnGCVvG,
2025-03-28T19:22:22Z,Somah,Thin Ice,1RhcdIu52QqitWe5HuiYkF,
2025-04-20T18:11:51Z,Myster Lupi,Lua,74hXE1PhyHLTZJjBt9t6LC,
2025-04-20T18:11:58Z,Myster Lupi,El Pecador,0KZch1sO5pBdIvchT9vdDb,
2025-05-24T12:19:41Z,Sibla,Standart Ride,42WJMiTFbgETkMb0VVCeKj,
2025-05-24T12:19:45Z,Sibla,Thyme Song,6wjd2TSDPhu4TcWYczwGSD,
2025-05-25T06:38:29Z,Geode,Peace Lily,4MknQsjG0QRkx6ksjKRoTE,
2025-05-27T17:15:16Z,Raphaël Dion,5. Papillon,69ihgY8cvJXFAzMM27JwzL,
2025-05-30T21:08:55Z,Sibla,Acid Rain,3A2PSak0Id4j5mWJwKyv8k,
2025-06-04T19:11:43Z,ENiGMA Dubz,In Control,6kgpOdVMkB6z7zf0a9oPyB,
2025-06-18T17:50:58Z,Drone,Devil's Hands,6xUuNgT3S86Jn8fLHToLbT,
2025-06-27T19:21:09Z,Sibla,OSC High,4kXFTsK8CL8iRPuxbVrQ07,
2025-07-15T19:21:19Z,Alyness,Bassement,6ZMY7eZbbb9bpG3wg1Ji69,
2025-07-16T18:03:14Z,Calibre,Doing It For You,3GKtleytcBPOeIdIZEUVMK,
2025-07-27T17:32:33Z,Eshay Trick,Archangel,4YDX60GhBU1QYuY2r3xUDU,
2025-08-18T18:03:11Z,Sir Hiss,Planet V,3yZ1KDE8xwKYgKxWwtZEKB,
2025-10-03T19:07:28Z,ENiGMA Dubz,Cryosleep,2oPSz08LR1YwnyBLUExOM6,
2025-10-26T15:18:00Z,Synkro,No Escape,1VODM3vb78nMoQnkpOOibE,
2025-11-08T18:44:39Z,Kali,No Ice,7lUFsVsMxCOhn6DkJcaLns,
2025-11-12T20:44:56Z,ENiGMA Dubz,Charlie Says,1YqNj0rVwjyj7rq6PhTCKA,
2025-12-10T18:34:47Z,Nina,Pursuit Infinity,22Fq7R23TcY4SKad3VKJtH,
2025-12-10T19:09:48Z,Nina,Juice World,7kiJuLBeQQztGq16TckjTF,
2025-12-14T18:50:02Z,Product Toss,Double Top,4I4Fsd3U3mYn6E8KNEA8LF,
2025-12-14T18:54:24Z,Dayzero,Lustar,0bvCvYml9nM95NKPXqtKcW,
2025-12-23T20:26:50Z,Hypho,Day Dreamers,2hL7pLNitmvUdaeOsiVzRn,
2026-02-05T19:04:34Z,Aloka,Replica,4JvZ9aZDSG1vQigKPHGpaG,
2026-02-05T19:04:45Z,Aloka,Lurker,2CnFn9T4Pla711HLnHcdmr,
